data-title,data-price,data-seller-product-id,data-id,image_url
KỆ TREO QUẦN ÁO DOUBLE HANGER- GỖ THÔNG  DÀI 97cm x CAO 150CM,690000,51282737,44936904,https://salt.tikicdn.com/cache/280x280/ts/product/0f/b4/2e/0c0f670806b8028fc50f6732e7ac66e8.jpg
TỦ QUẦN ÁO ĐÔI 119x150 cm,990000,25153120,25153119,https://salt.tikicdn.com/cache/280x280/ts/product/ed/e6/0b/0a99e77e90288beb708bb76430d8f2ae.PNG
Ghế Sofa Giường BizSofa - MLF - 619 168x70x70 cm ,3839000,14659560,14659556,https://salt.tikicdn.com/cache/280x280/ts/product/ad/98/92/11bf16260a9dfc727c029fce5649b4a1.jpg
Tủ Nhựa Duy Tân Lớn 5 Tầng,775000,2251045,2236975,https://salt.tikicdn.com/cache/280x280/ts/product/d2/81/6c/2b06322b894ab94214b16130b03c2a26.jpg
Kệ Sách Đa Tầng Để Sàn,428000,22372770,22372768,https://salt.tikicdn.com/cache/280x280/ts/product/ad/7c/5d/0d6a1de80ad2bef8d81671080e6aa03b.jpg
Kệ sách đứng chia ngăn - DN02/HOMEDECOR,540000,45464383,32380355,https://salt.tikicdn.com/cache/280x280/ts/product/b4/fd/da/43f2b92d6c1310c108107ecc87ce5362.jpg
bàn làm việc chân sắt,399000,36461832,36399757,https://salt.tikicdn.com/cache/280x280/ts/product/14/73/8e/791cf0ecee2d7866b68ae23b9bbe452b.jpg
Bàn học sinh thông minh 01,2950000,54763572,34531339,https://salt.tikicdn.com/cache/280x280/ts/product/c1/0a/a7/ae7fda95ddc2f0f96d9a7a0ba9a3978b.jpg
"KỆ GỖ GÓC TƯỜNG ĐA NĂNG, KỆ TRANG TRÍ 4 TẦNG CAO 1.2M GỖ CAO SU TỰ NHIÊN ",320000,58556053,56449571,https://salt.tikicdn.com/cache/280x280/ts/product/66/c7/5c/b8239b476b2b8c42daa74d3a15c3e892.jpg
Bàn gấp học sinh chân chữ U ,87000,45299887,16833447,https://salt.tikicdn.com/cache/280x280/ts/product/44/7c/98/77f2f5191e6e436c4728a0b0f49eeb5e.png
Bàn Học Bàn Làm Việc Kết Hợp Kệ Sách Thương Hiệu IGEA,715000,21101766,21101765,https://salt.tikicdn.com/cache/280x280/ts/product/46/31/d4/0d17e94ac1fa3ed0894ad6a99132385e.jpg
Bộ bàn ghế salon gỗ Tràm Tay 8 đỉnh Đào tựa Bình,7000000,24618050,24618046,https://salt.tikicdn.com/cache/280x280/ts/product/cc/13/40/265ce1a51a1306b0cace6633d5dce55c.jpg
Tủ Mina 5 ngăn Duy Tân (Họa tiết ngẫu nhiên),1299000,14116740,14116738,https://salt.tikicdn.com/cache/280x280/ts/product/77/07/46/eb2501e2fbd8205ee912ff9c2a05857f.jpg
Ghế lưới văn phòng chân xoay 360 độ cao cấp mẫu mới 2020 model B101 màu đen (hàng nhập khẩu),509000,52612592,52612591,https://salt.tikicdn.com/cache/280x280/ts/product/bf/96/6b/279dceeed5492af2831a5df5f1911135.jpg
"Tủ Vải Quần Áo 3 Buồng 8 Ngăn, Tủ Quần Áo Khung Inox To, Bền - Hàng Chính Hãng",279000,50098104,50098102,https://salt.tikicdn.com/cache/280x280/ts/product/d0/e0/05/587b8101bfb72e2d562511e7168f27c8.JPG
Bộ bàn ghế salon gỗ Lim Đen Tựa Tứ Linh Đỉnh Nghê,25000000,24674699,24674698,https://salt.tikicdn.com/cache/280x280/ts/product/e2/ea/94/49c0101b26151069c023767877b95463.jpg
Tủ Tabi-S Duy Tân 5 Ngăn - Mẫu Ngẫu Nhiên,1055000,228990,228969,https://salt.tikicdn.com/cache/280x280/media/catalog/product/t/a/tabi-s-5--hong1--1-.u2566.d20160926.t171540.585664.jpg
Kệ Sách 4 Tầng Dài 65 cm Gỗ Cao Su,495000,49090825,44856466,https://salt.tikicdn.com/cache/280x280/ts/product/d1/72/b1/a0e6e41131e5db3c01b72770993879ae.jpg
"Bàn Học, Bàn Làm Việc Kết Hợp Kệ Sách Thương Hiệu IGEA",950000,53577377,49123718,https://salt.tikicdn.com/cache/280x280/ts/product/77/c7/a8/ac0df16da9e9608569c7778154fbd0f6.jpg
2 VÁCH NGĂN BÌNH PHONG SEN LIỀN 2 KỆ (C1m9 x R 1m8),3590000,22778004,22778003,https://salt.tikicdn.com/cache/280x280/ts/product/08/7b/b9/32356bdec0616edf145a4ebba890d2cc.jpg
Kệ Sách Để Bàn Cao Cấp Vân Gỗ Sồi ,109000,37812751,37812750,https://salt.tikicdn.com/cache/280x280/ts/product/bb/20/6d/388278285495c24f038f623a10f0b1f4.jpg
"Giá để giày, Kệ Giày, kệ giầy dép - Tủ giày gỗ 5 tầng",352000,56698137,16447290,https://salt.tikicdn.com/cache/280x280/ts/product/89/47/ea/abbb6347294d0a5146333d40efc43267.jpg
Giá Treo Quần Áo Gỗ Thanh Đơn Single Hanger Size L Nội Thất Kiểu Hàn BEYOURs - Gỗ Tự Nhiên,189000,21739827,21739826,https://salt.tikicdn.com/cache/280x280/ts/product/49/65/aa/866e0cab17131391b1613b6e5f294428.JPG
Kệ để giày dép inox  5 tầng 8800-giao màu ngẫu nhiên,125000,43982382,4621783,https://salt.tikicdn.com/cache/280x280/ts/product/ff/05/be/4d8a86a9949a10127a404aeedd25c24d.jpg
Kệ Sách gỗ CN nhiều ngăn (KS1001),540000,41870390,41870388,https://salt.tikicdn.com/cache/280x280/ts/product/0a/bf/ad/341575970add6e63e473aa19716c5c97.jpg
Ghế ngủ - ghế thư giãn cho dân văn phòng - Loại cao cấp Best Office RECH10,764000,43039492,6286919,https://salt.tikicdn.com/cache/280x280/ts/product/fe/59/bb/61a7cd517b30beb4aa69e7abc4a760c6.jpg
"Kệ Sách Thông Minh Kệ Sách Để Sàn Cao Cấp 11 Tầng, Gỗ MDF Phủ Melamin Chống Nước Chống Xước, Hàng Chính Hãng",428000,37495651,37495650,https://salt.tikicdn.com/cache/280x280/ts/product/b5/fd/95/5a786839085fe5ec41175805440e108c.jpg
Tủ Tomi-S 5 Ngăn Duy Tân 1136/5 - Giao Màu Ngẫu Nhiên,97900,8095712,8095711,https://salt.tikicdn.com/cache/280x280/ts/product/ba/b4/96/5f6dd9f29bd6d157cf1e847899a835a7.jpg
Kệ Sách Để Bàn (Mini) HT004,219000,41890556,41890552,https://salt.tikicdn.com/cache/280x280/ts/product/17/dc/09/3a2880c8ca42d56e3db73e2b55fc82dd.jpg
Tủ Nhựa Đài Loan 3 Cánh Màu Giả Gỗ Cao Cấp,1559000,53235493,45110370,https://salt.tikicdn.com/cache/280x280/ts/product/4d/0d/b4/8f4e6680d86695dd292445b864cb5139.jpg
 Kệ trang trí treo tường chữ U - Màu trắng,379000,48716098,29284554,https://salt.tikicdn.com/cache/280x280/ts/product/ae/19/cc/543377f3c4ec3969377190c6663dfc74.jpg
Bàn Laptop Gỗ Đức Thành - 22311 - Hàng Chính Hãng,278000,313219,576742,https://salt.tikicdn.com/cache/280x280/ts/product/a5/2a/a9/a5320131cdd0b5ccba0b4a888147aae1.jpg
Bàn làm việc học tập kèm kệ sách đa năng thuận lợi Mẫu H02 (Hàng nhập khẩu),898000,23188987,23188985,https://salt.tikicdn.com/cache/280x280/ts/product/a4/b6/e9/e45440b9334e65933036d40673e4d2fc.jpg
Kệ Sách 5 Tầng Rộng 60cm,553000,46688378,21172404,https://salt.tikicdn.com/cache/280x280/ts/product/d5/57/11/4374731a86dafabe06ae1caccc229282.jpg
Tủ Tomi-S 4 Ngăn Duy Tân 1136/4 -  - Giao Màu Ngẫu Nhiên,88000,8095706,8095705,https://salt.tikicdn.com/cache/280x280/ts/product/37/25/52/f68cc857b15d8ae84d7ed73005662429.jpg
Bàn làm việc 2 tầng 80cm,409000,55501782,34230976,https://salt.tikicdn.com/cache/280x280/ts/product/43/75/db/49cb9598418459676fe59bab2039a817.jpg
Tủ Giày Suki Duy Tân (70 x 35 x 84.5 cm),951000,11337515,11337513,https://salt.tikicdn.com/cache/280x280/ts/product/bc/25/a4/ab81cf77235b9ecbdd59f4ce8e51c28d.jpg
Hộp đựng giày,129000,52879055,21310362,https://salt.tikicdn.com/cache/280x280/ts/product/18/c9/73/f3967a2ab4faea03e62df1bda63944a6.jpg
Kệ sách gỗ dạng xương cá (mầu vân gỗ như hình),386000,38626845,26056546,https://salt.tikicdn.com/cache/280x280/ts/product/4a/f6/ea/f3072429546482ce995a1d0e85ead96b.jpg
Tủ nhựa ghép đa năng 6 ô đựng quần áo (110*74*47cm),370000,38611857,25271790,https://salt.tikicdn.com/cache/280x280/ts/product/4f/4a/4d/a64a492702d10df576e54c75b20d3804.jpg
Bàn làm việc học tập kèm kệ sách đa năng thuận lợi Mẫu H02 (khung đen) (hàng nhập khẩu),699000,26222272,26222270,https://salt.tikicdn.com/cache/280x280/ts/product/e1/cb/3a/13af3dd8208a79e04b9ba0966c5523c6.jpg
Bàn Làm Việc Lắp Ghép Tiện Lợi,750000,54119930,22605669,https://salt.tikicdn.com/cache/280x280/ts/product/cd/9d/6f/a964b0943ea03fa40860e5b2222ffa2b.jpg
Combo 5 hộp đựng giày snaeker ,139000,42687107,20129535,https://salt.tikicdn.com/cache/280x280/ts/product/92/fc/98/750406a25f5580d196aeccf05e300c70.JPG
Ghế xếp thư giãn cao cấp HAKAWA HKG20T - Ghế xếp thông minh văn phòng - Trọng tải 300kg,1899000,58732174,49307741,https://salt.tikicdn.com/cache/280x280/ts/product/a3/c3/a7/a31fa7ea45ff088807b2cf00abd36f9e.jpg
Bàn làm việc học tập kèm kệ sách đa năng thuận lợi Mẫu B2394 (Hàng nhập khẩu),709000,20331298,20331296,https://salt.tikicdn.com/cache/280x280/ts/product/d6/90/22/5ad8001ab74836365ba3ca09b6d576cc.jpg
Kệ Sách Hình Cây Để Sàn,348000,28008149,28008145,https://salt.tikicdn.com/cache/280x280/ts/product/f3/87/87/48ecc189b0567ab2fa8c682435dfc4d9.png
Gương Soi Toàn Thân Di Động - GU10,347000,54656361,38704363,https://salt.tikicdn.com/cache/280x280/ts/product/27/13/21/7c961d485c12b323c25d15c6eb7586a4.jpg
Kệ sách đa năng,479000,48463090,48463089,https://salt.tikicdn.com/cache/280x280/ts/product/0a/bf/ad/b287b38c317b60675eca1fce365d1ec7.jpg
Hộp đựng giày Sneaker Box,120000,11436243,10567834,https://salt.tikicdn.com/cache/280x280/ts/product/4b/f7/f2/aab5b70841f3a67031103e5fa9f7246c.jpg
Kệ 1 Tầng Nhỏ Xinh Bằng Dây Treo Tường Gỗ Thông Tự Nhiên Kết Hợp Vòng Kim Loại - Kích thước: 40x10cm (Kệ Không Bao Gồm Các Sản Phẩm Khác),76000,52581575,52581571,https://salt.tikicdn.com/cache/280x280/ts/product/48/70/3a/bb2a2cabe0c827813434a94a7e40f026.jpg
Bàn làm việc chân chữ Z,575000,26080916,21980667,https://salt.tikicdn.com/cache/280x280/ts/product/98/01/4a/df0407ec51ce09d8eeb51ff6c5b7aa6e.jpg
Kệ Trang Trí Treo Tường (80x120x20cm),699000,56098638,42953924,https://salt.tikicdn.com/cache/280x280/ts/product/48/ac/fe/5780d8e2f5fe6dde623b98439daf05b0.jpg
